,mutation_site,response_site,distance_CA,distance_CZ
4,R350,Q228,42.49906539916992,44.849426
5,R351,Q228,45.96003723144531,50.747673
6,R350,F229,39.77272033691406,42.394444
7,R351,F229,43.2473030090332,47.861134
8,R350,K230,42.30083465576172,45.191593
9,R351,K230,45.728511810302734,50.168766
10,R351,Q231,43.56827163696289,47.761402
14,R346,Q253,29.92511749267578,25.18709
17,R346,K254,31.570558547973633,26.653852
19,R346,R255,28.448955535888672,23.345749
21,R346,G256,27.99341583251953,22.637524
22,R346,T257,25.405057907104492,20.40626
23,R346,P258,27.350534439086914,22.817293
24,R351,P258,38.60703659057617,43.9331
30,R346,N260,27.624404907226562,23.505823
31,R347,N260,31.447580337524414,36.87847
34,R350,N260,34.897300720214844,36.614567
35,R351,N260,38.259239196777344,43.43355
37,R350,R261,33.55796813964844,35.570915
38,R351,R261,37.0654411315918,42.003742
42,R241,T308,29.78312110900879,25.705189
51,R255,T308,32.43011474609375,31.12766
60,R351,T308,19.93625259399414,23.132439
64,R346,N334,18.577293395996094,15.836106
65,R346,P335,16.586660385131836,12.854798
