	mutations	D22	K67	D49	P48	E38	K68	K23	N24	n_mutations	avg_dG
0	L14F L14R L14W L14Y							-2.315328593849665		1	-0.6576642969248325
1	I44F I44R I44W I44Y	2.314455852363199						2.32193114719333	2.0966991168879088	3	2.4332715291111096
2	L45F L45R L45W L45Y	2.0216934679164376						2.182897746896989		2	2.0681970716044753
3	K46F K46W K46Y	2.1335114318060997						2.240717580192318	2.1787184330421665	3	2.388236861260146
4	H60F H60I H60K H60L H60M H60R H60W H60Y			-2.3683124442170143	-2.13401337347809					2	-0.8341086058983681
5	V78F V78H V78I V78K V78L V78M V78R V78W V78Y					-2.050536644625022				1	-0.525268322312511
6	F79W							2.174707925506736	2.234000594058821	2	2.136236173188519
7	K80F K80W K80Y							2.112649675286537		1	1.5563248376432686
8	L81F L81R L81W L81Y	2.3506205154116078						2.554146502411104	2.44644648860638	3	2.587803376607273
9	A82C A82D A82E A82F A82H A82I A82K A82L A82M A82N A82P A82Q A82R A82T A82V A82W A82Y						2.0406331340187065	2.2151709313025174	2.1586449305733963	3	2.353612248973655
10	A84C A84D A84E A84F A84H A84I A84K A84L A84M A84N A84P A84Q A84R A84T A84V A84W A84Y	2.233423890738306						2.365332584034044	2.131780057448008	3	2.4326341330550894
11	Y85W	2.2652617777024524	2.070407809595175					2.556079674901802	2.233177135279675	4	2.624985279495821
12	Y86W	2.1994527523230247						2.45021432539448	2.245931337930488	3	2.473899603911998
13	T89E T89F T89H T89I T89K T89L T89M T89Q T89R T89V T89W T89Y							2.351133130849144	2.038012855651468	2	2.1297153288335373
