,mutation_site,response_site,distance_CA,distance_CZ
12,R350,Q228,42.49906539916992,44.849426
13,R351,Q228,45.96003723144531,50.747673
15,R350,F229,39.77272033691406,42.394444
16,R351,F229,43.2473030090332,47.861134
22,R350,K230,42.30083465576172,45.191593
23,R351,K230,45.728511810302734,50.168766
25,R351,Q231,43.56827163696289,47.761402
46,R346,Q253,29.92511749267578,25.18709
50,R346,K254,31.570558547973633,26.653852
54,R346,R255,28.448955535888672,23.345749
56,R346,G256,27.99341583251953,22.637524
57,R346,T257,25.405057907104492,20.40626
58,R346,P258,27.350534439086914,22.817293
59,R351,P258,38.60703659057617,43.9331
68,R346,N260,27.624404907226562,23.505823
69,R347,N260,31.447580337524414,36.87847
72,R350,N260,34.897300720214844,36.614567
73,R351,N260,38.259239196777344,43.43355
75,R350,R261,33.55796813964844,35.570915
76,R351,R261,37.0654411315918,42.003742
81,R241,V277,10.990333557128906,9.121394
87,R346,N290,11.690181732177734,14.000322
88,R346,K292,11.478245735168457,14.974497
104,R241,T308,29.78312110900879,25.705189
113,R255,T308,32.43011474609375,31.12766
122,R295,T308,11.508398056030273,15.91467
128,R351,T308,19.93625259399414,23.132439
134,R255,E328,11.818172454833984,7.095919
155,R315,N334,14.701228141784668,15.756216
159,R346,N334,18.577293395996094,15.836106
160,R315,P335,13.377197265625,14.582693
166,R346,P335,16.586660385131836,12.854798
168,R315,N336,15.587616920471191,15.529149
175,R346,N336,15.957972526550293,12.722849
176,R315,E337,14.34462833404541,13.461708
180,R346,E337,14.419644355773926,12.678832
183,R315,Q339,11.953505516052246,10.910843
187,R346,Q339,10.38293170928955,7.2218146
