	mutations	D22	S88	E38	Y85	K23	P51	I44	P48	N24	D49	K16	H60	D50	n_mutations	avg_dG
0	M1A M1C M1D M1E M1G M1H M1N M1P M1Q M1S M1T M1V			-2.2991783601828257		-2.112794393562028	-2.181728940303086	-2.4538920017623744	-2.550414999007212		-2.673550693428804	-2.175634011636586		-2.3399751449045505	8	-1.198574282754163
1	F9A F9C F9D F9E F9G F9H F9I F9K F9L F9M F9N F9P F9Q F9R F9S F9T F9V	-2.097205244145237				-2.315742360951184				-2.046909656621733					3	-0.8649643154295386
2	K21A K21C K21D K21E K21G K21H K21M K21N K21P K21Q K21S K21T K21V		-2.11365482039747		-2.101704698384355										2	-0.738453172927275
3	D22A D22G D22S										-2.0095981417807547				1	-0.5047990708903773
4	K23A K23C K23D K23E K23G K23H K23M K23N K23P K23Q K23S K23T K23V			-2.0425058417764363							-2.1199425589561662		-2.009515351991243		3	-0.7929909381809614
5	E40A E40C E40D E40G E40N E40P E40S E40T												-2.4987788927721604		1	-0.7493894463860802
