,mutation_site,response_site,distance_CA,distance_CZ
2,R42,T3,25.38495635986328,30.151814
4,R42,L4,24.683879852294922,29.828936
6,R42,L5,25.646291732788086,30.421665
